{"cameraMode":{"drawMode":0,"name":"Shaded","section":"Shading Mode"},"sceneLighting":false,"audioPlay":false,"sceneViewState":{"showFog":false,"showMaterialUpdate":false,"showSkybox":false,"showFlares":false,"showImageEffects":false,"showParticleSystems":false},"in2DMode":false,"pivot":{"x":-4.313164234161377,"y":-0.3637661039829254,"z":44.90524673461914},"rotation":{"x":0.09109491854906082,"y":0.014023598283529282,"z":0.002048048423603177,"w":-0.9962927103042603},"size":2.157186508178711,"orthographic":false}