{"cameraMode":{"drawMode":0,"name":"Shaded","section":"Shading Mode"},"sceneLighting":false,"audioPlay":false,"sceneViewState":{"showFog":false,"showMaterialUpdate":false,"showSkybox":false,"showFlares":false,"showImageEffects":false,"showParticleSystems":false},"in2DMode":false,"pivot":{"x":-14.181647300720215,"y":6.498641490936279,"z":247.28848266601563},"rotation":{"x":0.0038250035140663387,"y":0.4532637894153595,"z":-0.0031002997420728208,"w":0.8922356963157654},"size":2.8578836917877199,"orthographic":false}