{"cameraMode":{"drawMode":0,"name":"Shaded","section":"Shading Mode"},"sceneLighting":false,"audioPlay":false,"sceneViewState":{"showFog":false,"showMaterialUpdate":false,"showSkybox":false,"showFlares":false,"showImageEffects":false,"showParticleSystems":false},"in2DMode":false,"pivot":{"x":0.0,"y":1.7999999523162842,"z":200.58950805664063},"rotation":{"x":-0.07668465375900269,"y":0.0409703403711319,"z":-0.0031604270916432144,"w":-0.9964166879653931},"size":2.8578836917877199,"orthographic":false}