{"cameraMode":{"drawMode":0,"name":"Shaded","section":"Shading Mode"},"sceneLighting":false,"audioPlay":false,"sceneViewState":{"showFog":false,"showMaterialUpdate":false,"showSkybox":false,"showFlares":false,"showImageEffects":false,"showParticleSystems":false},"in2DMode":false,"pivot":{"x":-2.272030830383301,"y":1.304924726486206,"z":-10.112229347229004},"rotation":{"x":-0.08253372460603714,"y":-0.06662825495004654,"z":0.005517446901649237,"w":-0.9943867921829224},"size":0.7016764879226685,"orthographic":false}