{"cameraMode":{"drawMode":0,"name":"Shaded","section":"Shading Mode"},"sceneLighting":false,"audioPlay":false,"sceneViewState":{"showFog":false,"showMaterialUpdate":false,"showSkybox":false,"showFlares":false,"showImageEffects":false,"showParticleSystems":false},"in2DMode":false,"pivot":{"x":0.2661106288433075,"y":1.3273543119430543,"z":-11.720088958740235},"rotation":{"x":-0.09172505885362625,"y":0.005121299065649509,"z":0.0001386960211675614,"w":-0.9962352514266968},"size":6.696758270263672,"orthographic":false}