{"cameraMode":{"drawMode":0,"name":"Shaded","section":"Shading Mode"},"sceneLighting":false,"audioPlay":false,"sceneViewState":{"showFog":false,"showMaterialUpdate":false,"showSkybox":false,"showFlares":false,"showImageEffects":false,"showParticleSystems":false},"in2DMode":false,"pivot":{"x":0.08526501059532166,"y":0.31198906898498537,"z":-12.017595291137696},"rotation":{"x":-0.18383441865444184,"y":0.01396246813237667,"z":-0.001992102712392807,"w":-0.9833254814147949},"size":5.796757698059082,"orthographic":false}