{"cameraMode":{"drawMode":0,"name":"Shaded","section":"Shading Mode"},"sceneLighting":false,"audioPlay":false,"sceneViewState":{"showFog":false,"showMaterialUpdate":false,"showSkybox":false,"showFlares":false,"showImageEffects":false,"showParticleSystems":false},"in2DMode":false,"pivot":{"x":-0.11542463302612305,"y":1.8149819374084473,"z":-14.905810356140137},"rotation":{"x":0.21463361382484437,"y":0.4994198977947235,"z":-0.13068711757659913,"w":0.8300436735153198},"size":2.8578836917877199,"orthographic":false}