{"cameraMode":{"drawMode":0,"name":"Shaded","section":"Shading Mode"},"sceneLighting":false,"audioPlay":false,"sceneViewState":{"showFog":false,"showMaterialUpdate":false,"showSkybox":false,"showFlares":false,"showImageEffects":false,"showParticleSystems":false},"in2DMode":false,"pivot":{"x":5.269999980926514,"y":2.005756139755249,"z":163.801025390625},"rotation":{"x":-0.058779068291187289,"y":-0.021878421306610109,"z":0.0013648542808368803,"w":-0.9983636140823364},"size":11.514046669006348,"orthographic":false}