{"cameraMode":{"drawMode":0,"name":"Shaded","section":"Shading Mode"},"sceneLighting":false,"audioPlay":false,"sceneViewState":{"showFog":false,"showMaterialUpdate":false,"showSkybox":false,"showFlares":false,"showImageEffects":false,"showParticleSystems":false},"in2DMode":false,"pivot":{"x":711.13720703125,"y":173.0076904296875,"z":1551.191162109375},"rotation":{"x":0.04674272984266281,"y":0.04954807087779045,"z":-0.002926717046648264,"w":0.9984985589981079},"size":1692.5533447265625,"orthographic":false}