{"cameraMode":{"drawMode":0,"name":"Shaded","section":"Shading Mode"},"sceneLighting":false,"audioPlay":false,"sceneViewState":{"showFog":false,"showMaterialUpdate":false,"showSkybox":false,"showFlares":false,"showImageEffects":false,"showParticleSystems":false},"in2DMode":false,"pivot":{"x":-51.14104461669922,"y":81.43016815185547,"z":27.28470802307129},"rotation":{"x":-0.23065026104450227,"y":-0.25973057746887209,"z":0.06489276885986328,"w":-0.9361289143562317},"size":6.022327423095703,"orthographic":false}