{"cameraMode":{"drawMode":0,"name":"Shaded","section":"Shading Mode"},"sceneLighting":false,"audioPlay":false,"sceneViewState":{"showFog":false,"showMaterialUpdate":false,"showSkybox":false,"showFlares":false,"showImageEffects":false,"showParticleSystems":false},"in2DMode":false,"pivot":{"x":1.3079179525375367,"y":2.5274109840393068,"z":10.369551658630371},"rotation":{"x":-0.1977889984846115,"y":0.08428844064474106,"z":-0.017140071839094163,"w":-0.9767102003097534},"size":3.6049935817718508,"orthographic":false}