{"cameraMode":{"drawMode":0,"name":"Shaded","section":"Shading Mode"},"sceneLighting":false,"audioPlay":false,"sceneViewState":{"showFog":false,"showMaterialUpdate":false,"showSkybox":false,"showFlares":false,"showImageEffects":false,"showParticleSystems":false},"in2DMode":false,"pivot":{"x":3.291461706161499,"y":1.137290358543396,"z":-8.405492782592774},"rotation":{"x":-0.10953545570373535,"y":0.0318988561630249,"z":-0.0035170218907296659,"w":-0.9934937953948975},"size":0.7016764879226685,"orthographic":false}