{"cameraMode":{"drawMode":0,"name":"Shaded","section":"Shading Mode"},"sceneLighting":false,"audioPlay":false,"sceneViewState":{"showFog":false,"showMaterialUpdate":false,"showSkybox":false,"showFlares":false,"showImageEffects":false,"showParticleSystems":false},"in2DMode":false,"pivot":{"x":-3.3764162063598635,"y":-15.89062213897705,"z":111.68394470214844},"rotation":{"x":0.08574634790420532,"y":-0.013408828526735306,"z":0.001137806219048798,"w":0.9968024492263794},"size":116.67262268066406,"orthographic":false}