{"cameraMode":{"drawMode":0,"name":"Shaded","section":"Shading Mode"},"sceneLighting":false,"audioPlay":false,"sceneViewState":{"showFog":false,"showMaterialUpdate":false,"showSkybox":false,"showFlares":false,"showImageEffects":false,"showParticleSystems":false},"in2DMode":false,"pivot":{"x":1.973078966140747,"y":0.5539899468421936,"z":29.16150665283203},"rotation":{"x":-0.04361087083816528,"y":-0.07570473849773407,"z":0.004427211359143257,"w":-0.9967635869979858},"size":6.022327423095703,"orthographic":false}