{"cameraMode":{"drawMode":0,"name":"Shaded","section":"Shading Mode"},"sceneLighting":false,"audioPlay":false,"sceneViewState":{"showFog":false,"showMaterialUpdate":false,"showSkybox":false,"showFlares":false,"showImageEffects":false,"showParticleSystems":false},"in2DMode":false,"pivot":{"x":480.50616455078127,"y":303.9053955078125,"z":0.48673513531684878},"rotation":{"x":0.09496606886386872,"y":0.4528234899044037,"z":-0.04857606440782547,"w":0.8858485221862793},"size":2.0934436321258547,"orthographic":false}