{"cameraMode":{"drawMode":0,"name":"Shaded","section":"Shading Mode"},"sceneLighting":false,"audioPlay":false,"sceneViewState":{"showFog":false,"showMaterialUpdate":false,"showSkybox":false,"showFlares":false,"showImageEffects":false,"showParticleSystems":false},"in2DMode":false,"pivot":{"x":-3.404928207397461,"y":-0.177689790725708,"z":6.007074356079102},"rotation":{"x":-0.09465368092060089,"y":0.031958967447280887,"z":-0.00291207293048501,"w":-0.9953247308731079},"size":19.75004768371582,"orthographic":false}