{"cameraMode":{"drawMode":0,"name":"Shaded","section":"Shading Mode"},"sceneLighting":false,"audioPlay":false,"sceneViewState":{"showFog":false,"showMaterialUpdate":false,"showSkybox":false,"showFlares":false,"showImageEffects":false,"showParticleSystems":false},"in2DMode":false,"pivot":{"x":-46.471412658691409,"y":-22.179636001586915,"z":35.462223052978519},"rotation":{"x":-0.15012754499912263,"y":-0.1191411167383194,"z":0.018976332619786264,"w":-0.9819093346595764},"size":104.7509765625,"orthographic":false}