{"cameraMode":{"drawMode":0,"name":"Shaded","section":"Shading Mode"},"sceneLighting":false,"audioPlay":false,"sceneViewState":{"showFog":false,"showMaterialUpdate":false,"showSkybox":false,"showFlares":false,"showImageEffects":false,"showParticleSystems":false},"in2DMode":false,"pivot":{"x":7.772617340087891,"y":4.760679721832275,"z":33.225311279296878},"rotation":{"x":0.007151565980166197,"y":-0.1117066890001297,"z":-0.000773528590798378,"w":-0.9940128922462463},"size":46.66904830932617,"orthographic":false}