{"cameraMode":{"drawMode":0,"name":"Shaded","section":"Shading Mode"},"sceneLighting":false,"audioPlay":false,"sceneViewState":{"showFog":false,"showMaterialUpdate":false,"showSkybox":false,"showFlares":false,"showImageEffects":false,"showParticleSystems":false},"in2DMode":false,"pivot":{"x":3.140807628631592,"y":0.7060944437980652,"z":-5.309754371643066},"rotation":{"x":-0.07074137777090073,"y":-0.02185223065316677,"z":0.0014944409485906363,"w":-0.9973571300506592},"size":2.8995447158813478,"orthographic":false}