{"cameraMode":{"drawMode":0,"name":"Shaded","section":"Shading Mode"},"sceneLighting":false,"audioPlay":false,"sceneViewState":{"showFog":false,"showMaterialUpdate":false,"showSkybox":false,"showFlares":false,"showImageEffects":false,"showParticleSystems":false},"in2DMode":false,"pivot":{"x":-2.8307461738586427,"y":1.377224326133728,"z":-12.236162185668946},"rotation":{"x":0.08278826624155045,"y":-0.013008765876293183,"z":0.000042847565055126324,"w":0.9972813129425049},"size":4.9769062995910648,"orthographic":false}