{"cameraMode":{"drawMode":0,"name":"Shaded","section":"Shading Mode"},"sceneLighting":false,"audioPlay":false,"sceneViewState":{"showFog":false,"showMaterialUpdate":false,"showSkybox":false,"showFlares":false,"showImageEffects":false,"showParticleSystems":false},"in2DMode":false,"pivot":{"x":-0.22162799537181855,"y":-0.3433730900287628,"z":2.0482215881347658},"rotation":{"x":-0.07668465375900269,"y":0.0409703403711319,"z":-0.0031604270916432144,"w":-0.9964166879653931},"size":18.716167449951173,"orthographic":false}