{"cameraMode":{"drawMode":0,"name":"Shaded","section":"Shading Mode"},"sceneLighting":false,"audioPlay":false,"sceneViewState":{"showFog":false,"showMaterialUpdate":false,"showSkybox":false,"showFlares":false,"showImageEffects":false,"showParticleSystems":false},"in2DMode":false,"pivot":{"x":-0.41901832818984988,"y":1.5542875528335572,"z":-11.557955741882325},"rotation":{"x":-0.08836986124515534,"y":-0.08747543394565582,"z":0.007904361002147198,"w":-0.9925500154495239},"size":2.8578836917877199,"orthographic":false}