{"cameraMode":{"drawMode":0,"name":"Shaded","section":"Shading Mode"},"sceneLighting":false,"audioPlay":false,"sceneViewState":{"showFog":false,"showMaterialUpdate":false,"showSkybox":false,"showFlares":false,"showImageEffects":false,"showParticleSystems":false},"in2DMode":false,"pivot":{"x":143.8544464111328,"y":157.74598693847657,"z":71.490966796875},"rotation":{"x":-0.2745791971683502,"y":0.6214385628700256,"z":-0.2452385574579239,"w":-0.6923467516899109},"size":55.391937255859378,"orthographic":false}