{"cameraMode":{"drawMode":0,"name":"Shaded","section":"Shading Mode"},"sceneLighting":false,"audioPlay":false,"sceneViewState":{"showFog":false,"showMaterialUpdate":false,"showSkybox":false,"showFlares":false,"showImageEffects":false,"showParticleSystems":false},"in2DMode":false,"pivot":{"x":0.09464141726493836,"y":4.265369415283203,"z":36.93136978149414},"rotation":{"x":-0.14821504056453706,"y":0.03174068033695221,"z":-0.004764269571751356,"w":-0.9886447787284851},"size":3.3179585933685304,"orthographic":false}