{"cameraMode":{"drawMode":0,"name":"Shaded","section":"Shading Mode"},"sceneLighting":false,"audioPlay":false,"sceneViewState":{"showFog":false,"showMaterialUpdate":false,"showSkybox":false,"showFlares":false,"showImageEffects":false,"showParticleSystems":false},"in2DMode":false,"pivot":{"x":0.9853785037994385,"y":-1.9639474153518677,"z":5.804568767547607},"rotation":{"x":-0.058779068291187289,"y":-0.021878421306610109,"z":0.0013648542808368803,"w":-0.9983636140823364},"size":19.75004768371582,"orthographic":false}