{"cameraMode":{"drawMode":0,"name":"Shaded","section":"Shading Mode"},"sceneLighting":false,"audioPlay":false,"sceneViewState":{"showFog":false,"showMaterialUpdate":false,"showSkybox":false,"showFlares":false,"showImageEffects":false,"showParticleSystems":false},"in2DMode":false,"pivot":{"x":-2.1250555515289308,"y":2.918276071548462,"z":-10.899006843566895},"rotation":{"x":0.0047603691928088669,"y":0.050054699182510379,"z":-0.0011991886422038079,"w":0.9995232820510864},"size":4.9769062995910648,"orthographic":false}