{"cameraMode":{"drawMode":0,"name":"Shaded","section":"Shading Mode"},"sceneLighting":false,"audioPlay":false,"sceneViewState":{"showFog":false,"showMaterialUpdate":false,"showSkybox":false,"showFlares":false,"showImageEffects":false,"showParticleSystems":false},"in2DMode":false,"pivot":{"x":4.575070381164551,"y":2.8508710861206056,"z":37.60772705078125},"rotation":{"x":-0.01620057225227356,"y":-0.0009408441837877035,"z":-0.0010571795282885433,"w":1.000667929649353},"size":2.394366502761841,"orthographic":false}