{"cameraMode":{"drawMode":0,"name":"Shaded","section":"Shading Mode"},"sceneLighting":false,"audioPlay":false,"sceneViewState":{"showFog":false,"showMaterialUpdate":false,"showSkybox":false,"showFlares":false,"showImageEffects":false,"showParticleSystems":false},"in2DMode":false,"pivot":{"x":6.1979217529296879,"y":-5.810434818267822,"z":32.47908020019531},"rotation":{"x":-0.10613275319337845,"y":-0.09623038023710251,"z":0.010361960157752037,"w":-0.9899287819862366},"size":46.66904830932617,"orthographic":false}