{"cameraMode":{"drawMode":0,"name":"Shaded","section":"Shading Mode"},"sceneLighting":false,"audioPlay":false,"sceneViewState":{"showFog":false,"showMaterialUpdate":false,"showSkybox":false,"showFlares":false,"showImageEffects":false,"showParticleSystems":false},"in2DMode":false,"pivot":{"x":0.7733370065689087,"y":2.505491256713867,"z":1.8884059190750123},"rotation":{"x":0.14516770839691163,"y":0.05197857692837715,"z":-0.00770845590159297,"w":0.9885550141334534},"size":4.678558349609375,"orthographic":false}