{"cameraMode":{"drawMode":0,"name":"Shaded","section":"Shading Mode"},"sceneLighting":false,"audioPlay":false,"sceneViewState":{"showFog":false,"showMaterialUpdate":false,"showSkybox":false,"showFlares":false,"showImageEffects":false,"showParticleSystems":false},"in2DMode":false,"pivot":{"x":-3.654705047607422,"y":-0.16275690495967866,"z":-8.69124984741211},"rotation":{"x":0.010816930793225766,"y":0.0020330289844423534,"z":-0.0010654893703758717,"w":1.0007380247116089},"size":4.9769062995910648,"orthographic":false}