{"cameraMode":{"drawMode":0,"name":"Shaded","section":"Shading Mode"},"sceneLighting":false,"audioPlay":false,"sceneViewState":{"showFog":false,"showMaterialUpdate":false,"showSkybox":false,"showFlares":false,"showImageEffects":false,"showParticleSystems":false},"in2DMode":false,"pivot":{"x":1.8248175382614136,"y":-0.5094008445739746,"z":21.522865295410158},"rotation":{"x":-0.05878329277038574,"y":0.02006179466843605,"z":-0.0011013742769137025,"w":-0.9983813762664795},"size":13.062760353088379,"orthographic":false}