{"cameraMode":{"drawMode":0,"name":"Shaded","section":"Shading Mode"},"sceneLighting":false,"audioPlay":false,"sceneViewState":{"showFog":false,"showMaterialUpdate":false,"showSkybox":false,"showFlares":false,"showImageEffects":false,"showParticleSystems":false},"in2DMode":false,"pivot":{"x":2.252031087875366,"y":647.1384887695313,"z":-11.644601821899414},"rotation":{"x":-0.45562103390693667,"y":0.16311806440353394,"z":-0.08534529060125351,"w":-0.8713317513465881},"size":3.5502326488494875,"orthographic":false}