{"cameraMode":{"drawMode":0,"name":"Shaded","section":"Shading Mode"},"sceneLighting":false,"audioPlay":false,"sceneViewState":{"showFog":false,"showMaterialUpdate":false,"showSkybox":false,"showFlares":false,"showImageEffects":false,"showParticleSystems":false},"in2DMode":false,"pivot":{"x":-1.4292811155319214,"y":3.5381922721862795,"z":8.979229927062989},"rotation":{"x":-0.03180363029241562,"y":0.023084532469511033,"z":-0.0007523929234594107,"w":-0.9995043873786926},"size":0.1166725680232048,"orthographic":false}