{"cameraMode":{"drawMode":0,"name":"Shaded","section":"Shading Mode"},"sceneLighting":false,"audioPlay":false,"sceneViewState":{"showFog":false,"showMaterialUpdate":false,"showSkybox":false,"showFlares":false,"showImageEffects":false,"showParticleSystems":false},"in2DMode":false,"pivot":{"x":-30.913055419921876,"y":42.927642822265628,"z":199.50035095214845},"rotation":{"x":-0.1802566647529602,"y":-0.5518214702606201,"z":0.12465707212686539,"w":-0.805446982383728},"size":435.8083801269531,"orthographic":false}