{"cameraMode":{"drawMode":0,"name":"Shaded","section":"Shading Mode"},"sceneLighting":false,"audioPlay":false,"sceneViewState":{"showFog":false,"showMaterialUpdate":false,"showSkybox":false,"showFlares":false,"showImageEffects":false,"showParticleSystems":false},"in2DMode":false,"pivot":{"x":-3.039398431777954,"y":4.3178534507751469,"z":-11.979999542236329},"rotation":{"x":-0.013808974996209145,"y":-0.00990926194936037,"z":0.0006854069069959223,"w":-1.0003085136413575},"size":6.711767196655273,"orthographic":false}