{"cameraMode":{"drawMode":0,"name":"Shaded","section":"Shading Mode"},"sceneLighting":false,"audioPlay":false,"sceneViewState":{"showFog":false,"showMaterialUpdate":false,"showSkybox":false,"showFlares":false,"showImageEffects":false,"showParticleSystems":false},"in2DMode":false,"pivot":{"x":2.246025562286377,"y":2.1360573768615724,"z":-11.033003807067871},"rotation":{"x":0.08261372894048691,"y":0.05279653146862984,"z":-0.005347829777747393,"w":0.9959585070610046},"size":4.9769062995910648,"orthographic":false}