{"cameraMode":{"drawMode":0,"name":"Shaded","section":"Shading Mode"},"sceneLighting":false,"audioPlay":false,"sceneViewState":{"showFog":false,"showMaterialUpdate":false,"showSkybox":false,"showFlares":false,"showImageEffects":false,"showParticleSystems":false},"in2DMode":false,"pivot":{"x":8.028807640075684,"y":-1.910149335861206,"z":9.073020935058594},"rotation":{"x":0.21844477951526643,"y":0.07750070095062256,"z":-0.018068576231598855,"w":0.9734011292457581},"size":57.15768051147461,"orthographic":false}