{"cameraMode":{"drawMode":0,"name":"Shaded","section":"Shading Mode"},"sceneLighting":false,"audioPlay":false,"sceneViewState":{"showFog":false,"showMaterialUpdate":false,"showSkybox":false,"showFlares":false,"showImageEffects":false,"showParticleSystems":false},"in2DMode":false,"pivot":{"x":25.53522300720215,"y":-14.46566390991211,"z":234.5983428955078},"rotation":{"x":0.1424584835767746,"y":0.7988004684448242,"z":-0.21052473783493043,"w":0.5466641187667847},"size":25.970848083496095,"orthographic":false}