{"cameraMode":{"drawMode":0,"name":"Shaded","section":"Shading Mode"},"sceneLighting":false,"audioPlay":false,"sceneViewState":{"showFog":false,"showMaterialUpdate":false,"showSkybox":false,"showFlares":false,"showImageEffects":false,"showParticleSystems":false},"in2DMode":false,"pivot":{"x":-0.38339662551879885,"y":0.2964836359024048,"z":-11.979999542236329},"rotation":{"x":-0.3494665026664734,"y":-0.2915825843811035,"z":0.1153952032327652,"w":-0.8831298351287842},"size":15.694653511047364,"orthographic":false}